Name,status,time(s),memory(MB)
fib_bench_false-unreach-call.c,false(reach),0.75,32
fib_bench_longer_false-unreach-call.c,false(reach),2,44
fib_bench_longest_false-unreach-call.c,false(reach),110,200
queue_false-unreach-call.c,false(reach),8.1,360
queue_longer_false-unreach-call.c,false(reach),500,5000
queue_longest_false-unreach-call.c,error,850,8000
reorder_2_false-unreach-call.c,unknown,0.46,38
sigma_false-unreach-call.c,false(reach),41,750
stack_false-unreach-call.c,false(reach),0.44,39
stack_longer_false-unreach-call.c,false(reach),8,130
stack_longest_false-unreach-call.c,false(reach),26,230
twostage_3_false-unreach-call.c,false(reach),2,140
fib_bench_longer_true-unreach-call.c,true,51,74
fib_bench_longest_true-unreach-call.c,true,850,410
fib_bench_true-unreach-call.c,true,19,50
indexer_true-unreach-call.c,true,850,3400
queue_ok_longer_true-unreach-call.c,true,600,12000
queue_ok_longest_true-unreach-call.c,error,850,5700
queue_ok_true-unreach-call.c,true,850,6100
stack_longer_true-unreach-call.c,true,850,1100
stack_longest_true-unreach-call.c,true,850,1400
stack_true-unreach-call.c,true,310,180
28_buggy_simple_loop1_vf_false-unreach-call.c,false(reach),0.25,28
13_unverif_true-unreach-call.c,true,850,5800
